-- phpMyAdmin SQL Dump
-- version 5.2.1
-- https://www.phpmyadmin.net/
--
-- Hôte : localhost
-- Généré le : jeu. 22 juin 2023 à 05:11
-- Version du serveur : 10.5.19-MariaDB-0+deb11u2
-- Version de PHP : 8.2.6

SET SQL_MODE = "NO_AUTO_VALUE_ON_ZERO";
START TRANSACTION;
SET time_zone = "+00:00";


/*!40101 SET @OLD_CHARACTER_SET_CLIENT=@@CHARACTER_SET_CLIENT */;
/*!40101 SET @OLD_CHARACTER_SET_RESULTS=@@CHARACTER_SET_RESULTS */;
/*!40101 SET @OLD_COLLATION_CONNECTION=@@COLLATION_CONNECTION */;
/*!40101 SET NAMES utf8mb4 */;

--
-- Base de données : `adrar_titres`
--

-- --------------------------------------------------------

--
-- Structure de la table `documents`
--

CREATE TABLE `documents` (
  `id_document` int(11) NOT NULL,
  `index_document` varchar(20) NOT NULL,
  `nom_document` varchar(50) NOT NULL
) ENGINE=InnoDB DEFAULT CHARSET=utf8mb4 COLLATE=utf8mb4_general_ci;

--
-- Déchargement des données de la table `documents`
--

INSERT INTO `documents` (`id_document`, `index_document`, `nom_document`) VALUES
(1, 'convention', 'Convention de stage'),
(2, 'attestation', 'Attestation de stage'),
(3, 'evaluation', 'Évaluation de stage'),
(4, 'presence', 'Heures entreprises');

-- --------------------------------------------------------

--
-- Structure de la table `documents_pages`
--

CREATE TABLE `documents_pages` (
  `id` int(11) NOT NULL,
  `num_page` int(11) NOT NULL,
  `lien` varchar(100) NOT NULL,
  `textes_ajoutes` longtext CHARACTER SET utf8mb4 COLLATE utf8mb4_bin DEFAULT NULL CHECK (json_valid(`textes_ajoutes`)),
  `id_document` int(11) NOT NULL
) ENGINE=InnoDB DEFAULT CHARSET=utf8mb4 COLLATE=utf8mb4_general_ci;

--
-- Déchargement des données de la table `documents_pages`
--

INSERT INTO `documents_pages` (`id`, `num_page`, `lien`, `textes_ajoutes`, `id_document`) VALUES
(11, 1, 'convention-1.png', '{\n  \"1\": {\n    \"X\": \"50\",\n    \"Y\": \"69\",\n    \"texte\": \"rue_lieu_stage\"\n  },\n  \"2\": {\n    \"X\": \"50\",\n    \"Y\": \"77\",\n    \"texte\": \"cp_lieu_stage\"\n  },\n  \"3\": {\n    \"X\": \"50\",\n    \"Y\": \"85\",\n    \"texte\": \"ville_lieu_stage\"\n  },\n  \"4\": {\n    \"X\": \"127\",\n    \"Y\": \"125.5\",\n    \"texte\": \"nom_tuteur|prenom_tuteur\"\n  },\n  \"5\": {\n    \"X\": \"106\",\n    \"Y\": \"133\",\n    \"texte\": \"mail_tuteur\"\n  },\n  \"6\": {\n    \"X\": \"38\",\n    \"Y\": \"174\",\n    \"texte\": \"nom_stagiaire|prenom_stagiaire\"\n  },\n  \"7\": {\n    \"X\": \"91\",\n    \"Y\": \"210\",\n    \"texte\": \"duree_stage\"\n  },\n  \"8\": {\n    \"X\": \"58.5\",\n    \"Y\": \"218.5\",\n    \"texte\": \"date_debut_stage\"\n  },\n  \"9\": {\n    \"X\": \"108\",\n    \"Y\": \"218.5\",\n    \"texte\": \"date_fin_stage\"\n  },\n  \"10\": {\n    \"X\": \"26.5\",\n    \"Y\": \"238\",\n    \"texte\": \"nom_formateur|prenom_formateur\"\n  },\n  \"11\": {\n    \"X\": \"85\",\n    \"Y\": \"238\",\n    \"texte\": \"mail_formateur\"\n  }\n}', 1),
(12, 2, 'convention-2.png', NULL, 1),
(13, 3, 'convention-3.png', NULL, 1),
(14, 4, 'convention-4.png', NULL, 1),
(15, 5, 'convention-5.png', '{\n  \"1\": {\n    \"X\": \"27\",\n    \"Y\": \"125\",\n    \"texte\": \"nom_tuteur|prenom_tuteur\"\n  },\n  \"2\": {\n    \"X\": \"83\",\n    \"Y\": \"125\",\n    \"texte\": \"nom_formateur|prenom_formateur\"\n  },\n  \"3\": {\n    \"X\": \"139\",\n    \"Y\": \"125\",\n    \"texte\": \"nom_stagiaire|prenom_stagiaire\",\n    \"tampon\": \"v/tampon.png\",\n    \"xtampon\": \"75\",\n    \"ytampon\": \"180\",\n    \"signature\": \"v/formateurs/signature_Marceau_RODRIGUES.png\",\n    \"xsignature\": \"85\",\n    \"ysignature\": \"180\"\n  }\n}', 1),
(16, 1, 'attestation.png', '{\n  \"1\": {\n    \"X\": \"55\",\n    \"Y\": \"45\",\n    \"texte\": \"nom_stagiaire|prenom_stagiaire\"\n  },\n  \"2\": {\n    \"X\": \"94\",\n    \"Y\": \"62\",\n    \"texte\": \"date_debut_stage\"\n  },\n  \"3\": {\n    \"X\": \"94\",\n    \"Y\": \"72\",\n    \"texte\": \"date_fin_stage\"\n  },\n  \"4\": {\n    \"X\": \"50\",\n    \"Y\": \"82\",\n    \"texte\": \"duree_stage\"\n  }\n}', 2),
(17, 1, 'evaluation-1.png', '{\n  \"1\": {\n    \"X\": \"32\",\n    \"Y\": \"49\",\n    \"texte\": \"nom_stagiaire|prenom_stagiaire\"\n  },\n  \"2\": {\n    \"X\": \"42\",\n    \"Y\": \"56.5\",\n    \"texte\": \"sigle_session\"\n  },\n  \"3\": {\n    \"X\": \"127\",\n    \"Y\": \"56.5\",\n    \"texte\": \"nom_tuteur|prenom_tuteur\"\n  },\n  \"4\": {\n    \"X\": \"56\",\n    \"Y\": \"64.5\",\n    \"texte\": \"date_debut_stage\"\n  },\n  \"5\": {\n    \"X\": \"92\",\n    \"Y\": \"64.5\",\n    \"texte\": \"date_fin_stage\"\n  },\n  \"6\": {\n    \"X\": \"147\",\n    \"Y\": \"64.5\",\n    \"texte\": \"duree_stage\"\n  }\n}', 3),
(18, 2, 'evaluation-2.png', '{\n  \"1\": {\n    \"X\": \"138\",\n    \"Y\": \"185.5\",\n    \"texte\": \"nom_formateur|prenom_formateur\",\n    \"signature\": \"v/formateurs/signature_Marceau_RODRIGUES.png\",\n    \"xsignature\": \"138\",\n    \"ysignature\": \"187.5\"\n  }\n}', 3),
(19, 1, 'presence.png', '{\n  \"1\": {\n    \"X\": \"113\",\n    \"Y\": \"38\",\n    \"texte\": \"nom_stagiaire|prenom_stagiaire\"\n  },\n  \"2\": {\n    \"X\": \"50\",\n    \"Y\": \"42.5\",\n    \"texte\": \"sigle_session\"\n  },\n  \"3\": {\n    \"X\": \"122\",\n    \"Y\": \"46\",\n    \"texte\": \"date_debut_session\"\n  },\n  \"4\": {\n    \"X\": \"122\",\n    \"Y\": \"51\",\n    \"texte\": \"date_fin_session\"\n  },\n  \"5\": {\n    \"X\": \"113\",\n    \"Y\": \"211\",\n    \"texte\": \"nom_tuteur|prenom_tuteur\"\n  }\n}', 4);

-- --------------------------------------------------------

--
-- Structure de la table `formateurs`
--

CREATE TABLE `formateurs` (
  `id_formateur` int(11) NOT NULL,
  `nom_formateur` varchar(25) NOT NULL,
  `prenom_formateur` varchar(25) NOT NULL,
  `mail_formateur` varchar(100) NOT NULL,
  `mdp_formateur` varchar(60) NOT NULL,
  `signature_formateur` varchar(50) NOT NULL,
  `carte_formateur_role` varchar(25) NOT NULL,
  `carte_formateur_liens` varchar(25) NOT NULL,
  `carte_formateur_tel` varchar(10) NOT NULL,
  `carte_formateur_portable` varchar(10) NOT NULL,
  `tmp_code_formateur` varchar(6) DEFAULT NULL COMMENT 'Contient un code qui permet à un formateur de en cas d''oubli de mot de passe ou si la période de validité du code est échue\r\n',
  `code_entree_formateur` varchar(6) DEFAULT NULL COMMENT 'Contient un code UNIQUE qui permet à un formateur de s''identifier la première fois pour changer son mot de passe',
  `id_site` int(11) NOT NULL,
  `id_secteur` int(11) NOT NULL
) ENGINE=InnoDB DEFAULT CHARSET=utf8mb4 COLLATE=utf8mb4_general_ci;

--
-- Déchargement des données de la table `formateurs`
--

INSERT INTO `formateurs` (`id_formateur`, `nom_formateur`, `prenom_formateur`, `mail_formateur`, `mdp_formateur`, `signature_formateur`, `carte_formateur_role`, `carte_formateur_liens`, `carte_formateur_tel`, `carte_formateur_portable`, `tmp_code_formateur`, `code_entree_formateur`, `id_site`, `id_secteur`) VALUES
(1, 'RODRIGUES', 'Marceau', 'marceaurodrigues@adrar-formation.com', '$2y$10$sHBExZZMBGRu.FDDqHiy7.g3BQSg/gEkz5Aev/tqIoOeZXBvWOabK', 'v/formateurs/signature_6489096bf19b0.png', '', '', '', '', NULL, NULL, 1, 1),
(2, 'HABBAS', 'Emna', 'emnahabbas@adrar-formation.com', '$2y$10$sHBExZZMBGRu.FDDqHiy7.g3BQSg/gEkz5Aev/tqIoOeZXBvWOabK', 'v/formateurs/signature_64890a5b156d8.png', '', '', '', '', NULL, NULL, 1, 3),
(3, 'RAYNAR', 'Jad', 'jaderaynard@drar-formation.com', '$2y$10$sHBExZZMBGRu.FDDqHiy7.g3BQSg/gEkz5Aev/tqIoOeZXBvWOabK', 'v/formateurs/signature_648f7cb40c9ba.png', 'Formatrice rrente', 'test.co', '0404040406', '0469532699', NULL, NULL, 1, 2);

-- --------------------------------------------------------

--
-- Structure de la table `secteurs`
--

CREATE TABLE `secteurs` (
  `id_secteur` int(11) NOT NULL,
  `nom_secteur` varchar(50) NOT NULL,
  `logo_secteur` varchar(150) NOT NULL
) ENGINE=InnoDB DEFAULT CHARSET=utf8mb4 COLLATE=utf8mb4_general_ci;

--
-- Déchargement des données de la table `secteurs`
--

INSERT INTO `secteurs` (`id_secteur`, `nom_secteur`, `logo_secteur`) VALUES
(1, 'Numérique', 'logo_numerique.png'),
(2, 'Tertiaire', 'logo_tertiaire_numerique.png'),
(3, 'Santé & Social', 'logo_sante_social.png'),
(4, 'Carrières & Emplois', 'logo_carrieres_emplois.png'),
(5, 'Industrie & Bâtiment', 'logo_industrie_batiment.png');

-- --------------------------------------------------------

--
-- Structure de la table `sessions`
--

CREATE TABLE `sessions` (
  `id_session` int(11) NOT NULL,
  `nom_session` varchar(25) NOT NULL,
  `duree_stage` int(11) NOT NULL,
  `sigle_session` varchar(50) NOT NULL,
  `date_debut_session` date NOT NULL,
  `date_fin_session` date NOT NULL,
  `date_debut_stage` date NOT NULL,
  `date_fin_stage` date NOT NULL,
  `id_formateur` int(11) NOT NULL
) ENGINE=InnoDB DEFAULT CHARSET=utf8mb4 COLLATE=utf8mb4_general_ci;

--
-- Déchargement des données de la table `sessions`
--

INSERT INTO `sessions` (`id_session`, `nom_session`, `duree_stage`, `sigle_session`, `date_debut_session`, `date_fin_session`, `date_debut_stage`, `date_fin_stage`, `id_formateur`) VALUES
(1, 'DEV34-22-02', 280, 'DWWM', '0000-00-00', '0000-00-00', '2023-04-11', '2023-06-09', 1),
(2, 'CDA34-23-01', 350, 'CDA', '2023-05-09', '0000-00-00', '0000-00-00', '0000-00-00', 2);

-- --------------------------------------------------------

--
-- Structure de la table `sites`
--

CREATE TABLE `sites` (
  `id_site` int(11) NOT NULL,
  `libelle_site` varchar(50) NOT NULL,
  `contact_mail_site` varchar(75) NOT NULL,
  `contact_tel_site` varchar(10) NOT NULL,
  `adresse_num_site` int(11) DEFAULT NULL,
  `adresse_bis_site` tinyint(1) NOT NULL DEFAULT 0,
  `adresse_rue_site` varchar(500) NOT NULL,
  `adresse_cp_site` varchar(5) NOT NULL,
  `adresse_ville_site` varchar(75) NOT NULL,
  `adresse_supp_site` varchar(100) DEFAULT NULL
) ENGINE=InnoDB DEFAULT CHARSET=utf8mb4 COLLATE=utf8mb4_general_ci;

--
-- Déchargement des données de la table `sites`
--

INSERT INTO `sites` (`id_site`, `libelle_site`, `contact_mail_site`, `contact_tel_site`, `adresse_num_site`, `adresse_bis_site`, `adresse_rue_site`, `adresse_cp_site`, `adresse_ville_site`, `adresse_supp_site`) VALUES
(1, 'Toulouse', 'adrarinfo@adrar-formation.com', '0562192080', 2, 0, 'Rue Irène et Joliot Curie', '31520', 'Ramonville-Saint-Agne', NULL),
(2, 'Montpellier', 'montpellierinfo@adrar-formation.com', '0481098944', 4657, 0, 'Rue de la Jeune Parque', '34070', 'Montpellier', NULL),
(3, 'Carcassonne', 'carcassonneinfo@adrar-formation.com', '0481098944', NULL, 0, 'Zone du Pont Rouge - Espace Xénon', '11000', 'Carcassonne', NULL),
(4, 'Tarbes', 'accueiltarbes@adrar-formation.com', '0562939516', 10, 0, 'Boulevard Pierre Renaudet', '65000', 'Tarbes', '« Bâtiment 411 »'),
(5, 'Perpignan', 'perpignaninfo@adrar-formation.com', '0481098944', 441, 0, 'Rue Aristide Bergès', '66000', 'Perpignan', 'Bâtiment les 5 éléments');

-- --------------------------------------------------------

--
-- Structure de la table `stages`
--

CREATE TABLE `stages` (
  `id_stage` int(11) NOT NULL,
  `rue_lieu_stage` varchar(100) NOT NULL,
  `cp_lieu_stage` varchar(5) NOT NULL,
  `ville_lieu_stage` varchar(50) NOT NULL,
  `pays_lieu_stage` varchar(25) NOT NULL,
  `nom_tuteur` varchar(50) NOT NULL,
  `prenom_tuteur` varchar(50) NOT NULL,
  `mail_tuteur` varchar(100) NOT NULL
) ENGINE=InnoDB DEFAULT CHARSET=utf8mb4 COLLATE=utf8mb4_general_ci;

--
-- Déchargement des données de la table `stages`
--

INSERT INTO `stages` (`id_stage`, `rue_lieu_stage`, `cp_lieu_stage`, `ville_lieu_stage`, `pays_lieu_stage`, `nom_tuteur`, `prenom_tuteur`, `mail_tuteur`) VALUES
(1, '68 Avenue du Pont Juvenal', '34000', 'Montpellier', 'France', 'BALBIS', 'Mouro', 'tatobalbis@gmail.com'),
(2, '64B route de Narbonne', '34500', 'Béziers', 'France', 'BOUJANDIR', 'Adil', 'topspeed.beziers@gmail.com'),
(3, '4 Avenue de la voie domitienne', '34500', 'Béziers', 'France', 'GHIOUANE', 'Chafik', 'chafeck@hotmail.fr'),
(4, '11 Quai Baley', '29150', 'Chateaulin', 'France', 'DURAND', 'Jérémy', 'taxidukoala@gmail.com'),
(5, '2 Boulevard Jean Bouin', '34500', 'Béziers', 'France', 'LEPRETRE', 'Emmanuel', 'lesopticiensaccord@gmail.com'),
(6, '710 rue d\'Aleo', '34080', 'Montpellier', 'France', 'BOURAI', 'Ramdane', 'r.bourai@nouas.org'),
(7, '4 Quai de la dunette', '34200', 'Sète', 'France', 'BRENAC', 'Philippe', 'brenacphilippe73@gmail.com'),
(8, '239 rue des Étoffes', '34400', 'Lunel', 'France', 'AMIRROUCHE', 'Redouane', 'contact@perform34.com'),
(9, '11 rue de l\'abrivado', '34740', 'Vendargues', 'France', 'GADEA', 'Delphine', 'ehpadmasmarguerite.secretariat@gmail.com'),
(10, '7 rue de la Costa Brava', '34070', 'Montpellier', 'France', 'SQUARATTI', 'Ryan', 'contact@foodeat.fr'),
(11, '23 avenue de la mouyssaguese', '31280', 'Dremil Lafage', 'France', 'POP', 'Alexandru', 'entreprise.benazet@gmail.com'),
(12, '2 avenue de Montpellier', '34820', 'Teyran', 'France', 'JOUAUX', 'Muriel', 'aquas34@yahoo.com');

-- --------------------------------------------------------

--
-- Structure de la table `stagiaires`
--

CREATE TABLE `stagiaires` (
  `id_stagiaire` int(11) NOT NULL,
  `nom_stagiaire` varchar(50) NOT NULL,
  `prenom_stagiaire` varchar(50) NOT NULL,
  `mail_stagiaire` varchar(100) NOT NULL,
  `tel_stagiaire` varchar(10) NOT NULL,
  `date_naissance_stagiaire` date NOT NULL,
  `lien_serveur` varchar(255) NOT NULL,
  `id_session` int(11) NOT NULL,
  `id_stage` int(11) DEFAULT NULL,
  `convention_recue` tinyint(1) NOT NULL DEFAULT 0,
  `horaires_recues_1` tinyint(1) NOT NULL DEFAULT 0,
  `horaires_recues_2` tinyint(1) NOT NULL DEFAULT 0,
  `horaires_recues_3` tinyint(1) NOT NULL DEFAULT 0,
  `attestation_mail_envoye` tinyint(1) NOT NULL DEFAULT 0,
  `attestation_recue` tinyint(1) DEFAULT NULL,
  `evaluation_mail_envoye` tinyint(1) NOT NULL DEFAULT 0,
  `evaluation_recue` tinyint(1) DEFAULT NULL,
  `compteur_demandes` int(1) NOT NULL
) ENGINE=InnoDB DEFAULT CHARSET=utf8mb4 COLLATE=utf8mb4_general_ci;

--
-- Déchargement des données de la table `stagiaires`
--

INSERT INTO `stagiaires` (`id_stagiaire`, `nom_stagiaire`, `prenom_stagiaire`, `mail_stagiaire`, `tel_stagiaire`, `date_naissance_stagiaire`, `lien_serveur`, `id_session`, `id_stage`, `convention_recue`, `horaires_recues_1`, `horaires_recues_2`, `horaires_recues_3`, `attestation_mail_envoye`, `attestation_recue`, `evaluation_mail_envoye`, `evaluation_recue`, `compteur_demandes`) VALUES
(23, 'BOTTA', 'Facundo', '', '', '0000-00-00', '', 1, 1, 1, 1, 1, 0, 1, 0, 1, 0, 1),
(24, 'BOUJANDIR', 'Karim', '', '', '0000-00-00', '', 1, 2, 1, 1, 0, 0, 1, 0, 1, 0, 1),
(25, 'BOURHIL', 'Yannis', '', '', '0000-00-00', '', 1, 3, 1, 0, 0, 0, 1, 0, 1, 0, 1),
(26, 'CHABROUX', 'Jérémy', '', '', '0000-00-00', '', 1, 4, 1, 0, 0, 0, 1, 0, 1, 0, 1),
(27, 'EFNANE', 'Haitam', '', '', '0000-00-00', '', 1, 5, 1, 0, 0, 0, 1, 0, 1, 0, 1),
(28, 'GATELLIER', 'Amory', '', '', '0000-00-00', '', 1, 6, 1, 0, 0, 0, 1, 0, 1, 0, 1),
(29, 'HUET', 'Laurent', '', '', '0000-00-00', '', 1, 7, 1, 0, 0, 0, 1, 0, 1, 0, 1),
(30, 'JABRE', 'Hamza', '', '', '0000-00-00', '', 1, 8, 1, 1, 0, 0, 1, 0, 1, 0, 1),
(31, 'MAKEMBE', 'Céline', '', '', '0000-00-00', '', 1, 9, 1, 0, 0, 0, 1, 0, 1, 0, 1),
(32, 'SETIAO', 'Tiffaine', '', '', '0000-00-00', '', 1, 11, 1, 0, 0, 0, 1, 0, 1, 0, 1),
(33, 'PIERROT', 'Gilles', '', '', '0000-00-00', '', 1, 12, 1, 1, 1, 0, 1, 0, 1, 0, 1),
(34, 'AOUACHRIA', 'Hibat', '', '', '0000-00-00', '', 2, NULL, 0, 0, 0, 0, 0, 0, 0, 0, 0),
(35, 'CAMOSSI', 'Jérémy', '', '', '0000-00-00', '', 2, NULL, 0, 0, 0, 0, 0, 0, 0, 0, 0),
(36, 'DELLA RICA', 'Steven', '', '', '0000-00-00', '', 2, NULL, 0, 0, 0, 0, 0, 0, 0, 0, 0),
(37, 'DELMON', 'Eryan', '', '', '0000-00-00', '', 2, NULL, 0, 0, 0, 0, 0, 0, 0, 0, 0),
(38, 'DILMAMODE', 'Yasmine', '', '', '0000-00-00', '', 2, NULL, 0, 0, 0, 0, 0, 0, 0, 0, 0),
(39, 'EYMARD', 'Luc', '', '', '0000-00-00', '', 2, NULL, 0, 0, 0, 0, 0, 0, 0, 0, 0),
(40, 'FAKIR', 'Karim', '', '', '0000-00-00', '', 2, NULL, 0, 0, 0, 0, 0, 0, 0, 0, 0),
(41, 'GIRARD', 'Anthony', '', '', '0000-00-00', '', 2, NULL, 0, 0, 0, 0, 0, 0, 0, 0, 0),
(42, 'HERBETTE', 'Alban', '', '', '0000-00-00', '', 2, NULL, 0, 0, 0, 0, 0, 0, 0, 0, 0),
(43, 'VONGSY', 'Laura', '', '', '0000-00-00', '', 2, NULL, 0, 0, 0, 0, 0, 0, 0, 0, 0),
(44, 'MOUSTAGHFIR', 'Waël Amir', '', '', '0000-00-00', '', 1, 10, 1, 1, 0, 0, 1, 0, 1, 0, 1),
(45, 'RODRIGUES', 'Marceau', '', '', '1999-07-07', '', 2, 7, 1, 1, 1, 1, 1, 1, 1, 1, 1);

--
-- Index pour les tables déchargées
--

--
-- Index pour la table `documents`
--
ALTER TABLE `documents`
  ADD PRIMARY KEY (`id_document`) USING BTREE;

--
-- Index pour la table `documents_pages`
--
ALTER TABLE `documents_pages`
  ADD PRIMARY KEY (`id`),
  ADD KEY `id_document` (`id_document`);

--
-- Index pour la table `formateurs`
--
ALTER TABLE `formateurs`
  ADD PRIMARY KEY (`id_formateur`),
  ADD UNIQUE KEY `code_entree_formateur` (`code_entree_formateur`),
  ADD KEY `id_secteur` (`id_secteur`),
  ADD KEY `id_site` (`id_site`);

--
-- Index pour la table `secteurs`
--
ALTER TABLE `secteurs`
  ADD PRIMARY KEY (`id_secteur`);

--
-- Index pour la table `sessions`
--
ALTER TABLE `sessions`
  ADD PRIMARY KEY (`id_session`),
  ADD KEY `id_formateur` (`id_formateur`);

--
-- Index pour la table `sites`
--
ALTER TABLE `sites`
  ADD PRIMARY KEY (`id_site`);

--
-- Index pour la table `stages`
--
ALTER TABLE `stages`
  ADD PRIMARY KEY (`id_stage`);

--
-- Index pour la table `stagiaires`
--
ALTER TABLE `stagiaires`
  ADD PRIMARY KEY (`id_stagiaire`),
  ADD KEY `id_session` (`id_session`),
  ADD KEY `id_stage` (`id_stage`);

--
-- AUTO_INCREMENT pour les tables déchargées
--

--
-- AUTO_INCREMENT pour la table `documents`
--
ALTER TABLE `documents`
  MODIFY `id_document` int(11) NOT NULL AUTO_INCREMENT, AUTO_INCREMENT=5;

--
-- AUTO_INCREMENT pour la table `documents_pages`
--
ALTER TABLE `documents_pages`
  MODIFY `id` int(11) NOT NULL AUTO_INCREMENT, AUTO_INCREMENT=20;

--
-- AUTO_INCREMENT pour la table `formateurs`
--
ALTER TABLE `formateurs`
  MODIFY `id_formateur` int(11) NOT NULL AUTO_INCREMENT, AUTO_INCREMENT=4;

--
-- AUTO_INCREMENT pour la table `secteurs`
--
ALTER TABLE `secteurs`
  MODIFY `id_secteur` int(11) NOT NULL AUTO_INCREMENT, AUTO_INCREMENT=6;

--
-- AUTO_INCREMENT pour la table `sessions`
--
ALTER TABLE `sessions`
  MODIFY `id_session` int(11) NOT NULL AUTO_INCREMENT, AUTO_INCREMENT=3;

--
-- AUTO_INCREMENT pour la table `sites`
--
ALTER TABLE `sites`
  MODIFY `id_site` int(11) NOT NULL AUTO_INCREMENT, AUTO_INCREMENT=6;

--
-- AUTO_INCREMENT pour la table `stages`
--
ALTER TABLE `stages`
  MODIFY `id_stage` int(11) NOT NULL AUTO_INCREMENT, AUTO_INCREMENT=13;

--
-- AUTO_INCREMENT pour la table `stagiaires`
--
ALTER TABLE `stagiaires`
  MODIFY `id_stagiaire` int(11) NOT NULL AUTO_INCREMENT, AUTO_INCREMENT=46;

--
-- Contraintes pour les tables déchargées
--

--
-- Contraintes pour la table `documents_pages`
--
ALTER TABLE `documents_pages`
  ADD CONSTRAINT `documents_pages_ibfk_1` FOREIGN KEY (`id_document`) REFERENCES `documents` (`id_document`) ON DELETE CASCADE ON UPDATE CASCADE;

--
-- Contraintes pour la table `formateurs`
--
ALTER TABLE `formateurs`
  ADD CONSTRAINT `formateurs_ibfk_1` FOREIGN KEY (`id_secteur`) REFERENCES `secteurs` (`id_secteur`) ON DELETE CASCADE ON UPDATE CASCADE,
  ADD CONSTRAINT `formateurs_ibfk_2` FOREIGN KEY (`id_site`) REFERENCES `sites` (`id_site`) ON DELETE CASCADE ON UPDATE CASCADE;

--
-- Contraintes pour la table `sessions`
--
ALTER TABLE `sessions`
  ADD CONSTRAINT `sessions_ibfk_1` FOREIGN KEY (`id_formateur`) REFERENCES `formateurs` (`id_formateur`) ON DELETE CASCADE ON UPDATE CASCADE;

--
-- Contraintes pour la table `stagiaires`
--
ALTER TABLE `stagiaires`
  ADD CONSTRAINT `stagiaires_ibfk_1` FOREIGN KEY (`id_stage`) REFERENCES `stages` (`id_stage`) ON DELETE CASCADE ON UPDATE CASCADE,
  ADD CONSTRAINT `stagiaires_ibfk_2` FOREIGN KEY (`id_session`) REFERENCES `sessions` (`id_session`) ON DELETE CASCADE ON UPDATE CASCADE;
COMMIT;

/*!40101 SET CHARACTER_SET_CLIENT=@OLD_CHARACTER_SET_CLIENT */;
/*!40101 SET CHARACTER_SET_RESULTS=@OLD_CHARACTER_SET_RESULTS */;
/*!40101 SET COLLATION_CONNECTION=@OLD_COLLATION_CONNECTION */;
